CustomerID,RegistrationDate,Age,Gender,IncomeLevel,Country,City,TotalPurchases,AverageOrderValue,CustomerLifetimeValue,FavoriteCategory,SecondFavoriteCategory,EmailEngagementRate,SocialMediaEngagementRate,MobileAppUsage,CustomerServiceInteractions,AverageSatisfactionScore,EmailConversionRate,SocialMediaConversionRate,SearchEngineConversionRate,RepeatCustomer,PremiumMember,HasReturnedItems
CUST08428,15/6/18,44,Female,High,Germany,Other,5,213.8945253,1014.341869,Home Goods,Books,0.513411943,0.026388621,Never,2,7.240955785,0.236929929,0.365028041,0.434916487,Yes,No,No
CUST07094,3/7/18,32,Male,Very High,Other,Tokyo,2,420.4598793,970.4334023,Beauty,Sports,0.103742264,0.115171672,High,2,8.310703734,0.208681954,0.269712726,0.193967932,Yes,No,No
CUST00390,15/2/20,56,Male,High,France,New York,4,217.0880431,929.9063402,Sports,Toys,0.732350895,0.357766881,High,1,4.479946882,0.199389955,0.521768759,0.210667285,Yes,No,Yes
CUST00843,2/9/23,31,Female,Medium,UK,Paris,7,122.5476696,855.310536,Home Goods,Sports,0.334811395,0.215184521,Low,0,7.584753579,0.195797774,0.354488333,0.297607422,Yes,No,No
CUST05463,10/10/22,30,Female,Medium,France,Tokyo,7,117.739135,848.3008971,Electronics,Toys,0.3352024,0.132327868,Low,2,7.561434521,0.263672904,0.191508834,0.173242783,Yes,No,No
CUST08044,12/4/20,25,Male,Very High,France,Tokyo,3,253.2624359,842.7560343,Electronics,Electronics,0.394591549,0.204577542,Never,1,7.309563043,0.417691095,0.201243363,0.343208843,Yes,No,No
CUST09316,5/7/19,46,Female,Medium,Japan,New York,10,54.02009352,823.059961,Clothing,Sports,0.455620769,0.394155314,Low,0,5.323708099,0.284498648,0.207877225,0.118151684,Yes,No,No
CUST04777,7/7/20,31,Female,Low,Canada,London,8,100.3883893,739.5701665,Sports,Electronics,0.139602953,0.17566929,Medium,2,6.297241209,0.31884954,0.219714304,0.316370282,Yes,No,No
CUST05435,28/12/22,22,Female,Low,Canada,Los Angeles,8,104.804653,708.3585974,Home Goods,Books,0.486917432,0.450296482,Medium,0,6.488483297,0.194462626,0.305273497,0.305523212,Yes,No,Yes
CUST00330,28/1/23,44,Other,Medium,Other,Los Angeles,6,90.74620028,682.3843206,Books,Sports,0.450554015,0.157892595,Never,3,10,0.20694534,0.13497136,0.335566389,Yes,No,Yes
CUST02740,2/11/20,40,Male,High,Other,Berlin,4,184.72157,681.7800099,Clothing,Electronics,0.225505297,0.042983393,Medium,4,4.976268848,0.26120746,0.354976146,0.265815212,Yes,No,Yes
CUST01276,1/1/20,44,Female,Low,Australia,Tokyo,11,66.90554035,645.1073777,Beauty,Home Goods,0.063905167,0.220444698,Medium,1,9.605718727,0.297180919,0.315942746,0.578144321,Yes,No,No
CUST00795,7/2/23,35,Other,High,Canada,Tokyo,3,158.9640891,636.0925659,Electronics,Electronics,0.070295275,0.355414953,Never,1,4.323999152,0.111513295,0.070967767,0.071885558,Yes,Yes,Yes
CUST05829,18/6/21,36,Other,Medium,Other,Other,10,57.32026444,630.6004934,Food,Books,0.358258421,0.183653155,Low,2,9.417684498,0.133825055,0.33906628,0.231832424,Yes,No,Yes
CUST09797,12/4/21,45,Female,Very High,Other,Sydney,6,83.58030734,624.6437283,Home Goods,Home Goods,0.238249155,0.623206052,Never,1,6.143452192,0.10312737,0.052318037,0.150350401,Yes,No,Yes
CUST03123,30/3/23,52,Female,Very High,UK,Sydney,11,39.95631392,623.1503773,Toys,Electronics,0.221684,0.367302217,Low,1,3.808194149,0.119511674,0.128508456,0.167609866,Yes,Yes,No
CUST02480,24/9/22,52,Female,Low,Other,Los Angeles,8,61.69660797,609.6483395,Toys,Electronics,0.368490158,0.276570751,Low,2,10,0.042800495,0.337975361,0.35998859,Yes,No,Yes
CUST04785,7/7/20,31,Male,Medium,Germany,Berlin,4,123.53913,604.5667166,Electronics,Toys,0.121023725,0.240709422,Medium,1,3.924591022,0.16206777,0.268229341,0.085151887,Yes,No,Yes
CUST08301,13/6/19,27,Female,Low,Other,Berlin,6,76.25603436,593.9906994,Beauty,Beauty,0.554476487,0.146390449,Never,0,8.016911277,0.137902443,0.193561645,0.067542556,Yes,No,Yes
CUST08490,15/3/19,26,Other,High,Japan,New York,5,92.12070352,586.540548,Food,Clothing,0.319828151,0.225458054,Never,1,7.128639557,0.281011621,0.200403175,0.159249053,Yes,No,No
CUST07573,12/11/22,25,Other,High,Other,Berlin,7,78.47943097,576.8954586,Sports,Electronics,0.511816591,0.418392192,Low,0,7.570088522,0.20434138,0.313968913,0.308793351,Yes,No,Yes
CUST01327,14/8/19,42,Other,Very High,Australia,New York,8,50.80190619,564.7404143,Toys,Food,0.064001496,0.128582846,Low,3,10,0.115479361,0.091191331,0.045396473,Yes,No,No
CUST07955,12/11/20,57,Female,Very High,France,Other,4,113.4401466,556.8164848,Books,Electronics,0.086688057,0.200693608,Medium,2,10,0.121413071,0.396338473,0.165520547,Yes,No,No
CUST02715,3/11/22,34,Female,Very High,Australia,Los Angeles,3,164.0380707,553.4694925,Sports,Clothing,0.089742061,0.266280427,Medium,1,2.473926576,0.311063026,0.358729433,0.306996045,Yes,Yes,No
CUST02284,19/11/21,31,Female,Medium,UK,Other,17,26.27639156,553.257196,Clothing,Beauty,0.470480907,0.212980433,Medium,1,5.104410238,0.171869063,0.271279695,0.067545305,Yes,No,Yes
CUST00394,9/9/19,61,Female,Medium,UK,London,4,134.0108998,549.4161923,Sports,Food,0.017461932,0.488558681,Medium,2,4.795113664,0.121568794,0.264292464,0.389126469,Yes,No,Yes
CUST08834,14/2/23,27,Male,Medium,USA,New York,11,44.74172765,546.610903,Toys,Home Goods,0.34356355,0.274555244,Medium,3,5.92092489,0.191681266,0.172101076,0.512809556,Yes,No,Yes
CUST00764,8/6/22,37,Male,High,USA,Berlin,11,53.51007675,543.6189601,Electronics,Toys,0.302533169,0.023265871,Low,2,5.005079309,0.242292894,0.234062391,0.205678556,Yes,Yes,Yes
CUST06868,8/8/19,48,Female,Medium,USA,Sydney,9,57.67394733,542.926884,Clothing,Toys,0.122671105,0.304466921,Never,1,4.121090782,0.183862994,0.23087482,0.281641654,Yes,No,No
CUST02789,25/9/19,26,Other,High,Germany,London,2,275.4913196,540.650622,Food,Beauty,0.187020954,0.179143232,Never,2,5.54459827,0.349311488,0.218886226,0.172476015,Yes,No,No
CUST04423,24/7/20,25,Other,High,France,Tokyo,8,61.18645197,538.7845426,Sports,Food,0.413850429,0.518785958,Low,3,9.392187689,0.246542208,0.450649907,0.425554309,Yes,Yes,No
CUST02452,9/9/22,38,Other,Very High,Other,Paris,7,72.50998661,532.1105569,Beauty,Clothing,0.168280092,0.102954919,Never,2,8.349256779,0.20237212,0.159421931,0.212872763,Yes,No,No
CUST03178,10/1/19,37,Female,Very High,Canada,Tokyo,4,115.3415714,528.9473324,Beauty,Books,0.283286012,0.133395859,Medium,4,6.567428399,0.012843236,0.074219902,0.215945167,Yes,No,No
CUST05632,18/2/18,48,Female,High,Australia,Other,9,55.07867241,508.8452505,Home Goods,Beauty,0.119468712,0.23518594,Low,4,6.336882557,0.159432262,0.371444421,0.519093054,Yes,Yes,Yes
CUST01149,4/8/23,20,Female,Low,Australia,Tokyo,1,445.5883708,507.1930656,Clothing,Clothing,0.418119493,0.307411217,Never,2,5.954143997,0.253486673,0.115782496,0.081256138,No,No,No
CUST01465,5/7/18,55,Male,Low,USA,Los Angeles,3,116.5320113,500.3790855,Electronics,Clothing,0.253125344,0.239108306,High,4,4.720716071,0.195607355,0.146273149,0.151845925,Yes,No,No
CUST04022,16/9/22,27,Other,Low,France,Sydney,3,152.1792698,498.9922535,Toys,Books,0.382478057,0.199365314,Never,4,9.406444112,0.329357429,0.215998556,0.306874315,Yes,No,No
CUST01452,8/2/19,53,Female,Medium,Canada,Sydney,4,102.7769609,495.408518,Toys,Beauty,0.627148572,0.544672703,Low,3,2.890756767,0.047803093,0.065236,0.312458528,Yes,Yes,No
CUST08511,4/7/19,40,Other,Medium,USA,Sydney,3,150.1529855,494.4850423,Electronics,Home Goods,0.267344697,0.239517487,Never,3,10,0.085050304,0.146938424,0.022137266,Yes,Yes,No
CUST01640,8/1/19,34,Female,High,Germany,Other,5,111.9374928,491.4503668,Food,Sports,0.226984396,0.232235311,High,2,6.685260566,0.411440387,0.164302753,0.370843053,Yes,No,No
CUST08780,18/11/21,58,Male,Medium,Canada,Los Angeles,5,103.7070062,489.8712343,Home Goods,Books,0.297408785,0.269138453,Medium,3,6.356855967,0.095128672,0.167164174,0.565877495,Yes,No,No
CUST08187,23/9/18,22,Male,Very High,Other,New York,5,81.58120906,476.9419304,Home Goods,Beauty,0.467102266,0.046422896,High,5,3.437557451,0.301273923,0.047960641,0.131648567,Yes,No,Yes
CUST09095,4/5/19,28,Female,Low,Canada,Los Angeles,11,37.18447494,475.9184763,Food,Electronics,0.426908621,0.195548461,High,2,7.297124775,0.146315235,0.226939179,0.33394295,Yes,No,No
CUST01577,6/10/20,43,Other,Very High,Canada,Tokyo,6,72.70919625,473.9719095,Home Goods,Electronics,0.014782132,0.146634202,High,3,5.63640013,0.398524379,0.147456527,0.057012556,Yes,Yes,No
CUST01807,4/8/22,44,Male,Medium,USA,Berlin,7,53.13141367,466.55341,Beauty,Toys,0.152185292,0.511480971,High,3,10,0.059014613,0.035883177,0.123313145,Yes,No,Yes
CUST06398,28/9/21,20,Male,Low,Australia,New York,3,152.2428401,465.906739,Electronics,Books,0.178951666,0.14410665,Never,4,8.706834808,0.145005578,0.158125864,0.115009288,Yes,No,No
CUST00031,9/3/22,43,Male,Medium,Australia,Los Angeles,2,227.6314508,464.8006239,Electronics,Sports,0.234727235,0.087777137,High,1,6.05978051,0.120061096,0.060942839,0.180284042,Yes,No,No
CUST07976,25/10/22,27,Female,High,UK,Paris,3,89.66902541,452.7441798,Beauty,Books,0.0620005,0.118202336,High,2,8.567947042,0.105965146,0.159666897,0.139330088,Yes,No,Yes
CUST01398,19/8/23,44,Other,Low,Other,New York,6,47.85359482,449.2515584,Sports,Clothing,0.203847331,0.079138137,High,2,7.857618972,0.185377419,0.178365543,0.249822386,Yes,No,No
CUST03384,21/4/22,23,Male,Low,Other,Other,7,72.80218234,448.6952961,Beauty,Electronics,0.274735916,0.33499581,Never,1,9.881550717,0.157890888,0.138207791,0.2356674,Yes,No,No
CUST00869,21/7/18,18,Male,Very High,Japan,Tokyo,7,63.07564573,443.1002643,Sports,Books,0.562786855,0.469997771,Never,1,10,0.102877187,0.142432359,0.304529736,Yes,Yes,No
CUST07809,22/10/20,32,Female,Very High,Australia,Sydney,3,150.1578569,436.9669199,Clothing,Beauty,0.165540827,0.132986805,Medium,1,6.984840891,0.140813947,0.12707353,0.218582688,Yes,Yes,Yes
CUST08030,26/9/19,63,Other,Very High,Australia,Tokyo,5,77.94124439,429.6734451,Electronics,Toys,0.228957926,0.383977387,Low,1,7.796491309,0.205509772,0.062370358,0.214348314,Yes,No,No
CUST05792,22/2/19,19,Female,High,USA,Paris,6,91.57995675,424.3961923,Clothing,Home Goods,0.431585158,0.068863613,Low,2,8.81057446,0.143666615,0.303638456,0.331717942,Yes,Yes,Yes
CUST02985,13/7/23,25,Other,Medium,Japan,London,7,70.71909046,421.7587462,Food,Clothing,0.24486739,0.101948503,Never,2,10,0.395019911,0.059597919,0.283263891,Yes,No,No
CUST05992,27/9/21,28,Male,Very High,Canada,Los Angeles,8,43.55573311,421.3368713,Books,Food,0.436865468,0.237967769,Never,2,6.11621932,0.2225969,0.071395099,0.301585343,Yes,No,No
CUST05246,28/11/21,29,Other,Medium,UK,Berlin,9,56.58794765,415.6978254,Toys,Books,0.178523653,0.352379076,High,1,4.50345459,0.273712629,0.104413811,0.177413169,Yes,No,No
CUST07303,4/4/21,50,Other,High,Japan,Berlin,1,302.5849207,413.9308499,Toys,Books,0.063580558,0.125344551,Medium,4,3.80776062,0.034493813,0.138277454,0.177971456,No,No,Yes
CUST08191,14/9/19,57,Male,High,Germany,Tokyo,5,70.88154838,413.7741007,Home Goods,Food,0.334405067,0.456472036,Never,4,6.041322696,0.197084934,0.275485143,0.039987069,Yes,No,No
CUST07793,23/7/19,41,Female,High,Canada,London,4,114.5751169,408.3961813,Books,Clothing,0.32246796,0.272441235,Medium,6,6.190174214,0.186490261,0.067048843,0.181255782,Yes,No,No
CUST03762,7/3/22,41,Female,Very High,USA,Paris,3,133.2935693,407.4531724,Home Goods,Food,0.295023264,0.07150115,Low,2,5.316790657,0.266909536,0.201754068,0.108640728,Yes,No,No
CUST06368,12/4/20,56,Other,Medium,UK,London,3,137.2197501,401.4403768,Home Goods,Toys,0.319736714,0.38683044,Medium,2,7.796741131,0.202796831,0.045993721,0.178414038,Yes,No,No
CUST01389,5/6/20,41,Male,Medium,Australia,New York,9,48.4847168,398.6055171,Toys,Clothing,0.247511081,0.363858906,High,3,10,0.5476328,0.2185259,0.329434039,Yes,Yes,Yes
CUST06400,27/2/21,61,Female,Medium,USA,Berlin,10,40.00095019,396.3041618,Home Goods,Beauty,0.571065052,0.352887487,High,3,7.533745904,0.038437491,0.057909777,0.148146986,Yes,No,No
CUST03508,14/2/22,22,Female,High,UK,Tokyo,4,110.4033627,395.7945118,Home Goods,Electronics,0.209718753,0.47767413,Low,1,6.641041396,0.18322832,0.094079038,0.130193399,Yes,No,No
CUST06565,23/6/20,30,Female,Medium,Other,Paris,6,67.1966815,392.252759,Food,Electronics,0.334028047,0.380562918,High,2,5.431575188,0.167219549,0.320652849,0.114753561,Yes,No,No
CUST03889,11/7/18,39,Male,Low,Australia,Tokyo,2,171.9941533,386.879275,Beauty,Clothing,0.213138466,0.483385162,Low,1,7.292239108,0.107819167,0.099683944,0.265306744,Yes,No,No
CUST05087,26/5/18,46,Female,Medium,Japan,Paris,4,106.02155,384.2142845,Home Goods,Books,0.364280101,0.15738835,Low,2,5.638316392,0.087369812,0.333975765,0.078410134,Yes,No,No
CUST09317,2/9/22,42,Male,High,France,Berlin,8,36.57752629,383.5368345,Toys,Home Goods,0.095345158,0.197445886,Medium,1,5.576704101,0.14237599,0.015383292,0.177200236,Yes,No,No
CUST05725,20/9/22,53,Female,High,Germany,Los Angeles,8,50.12314488,380.2866841,Books,Electronics,0.144935869,0.569072893,High,2,8.119754893,0.135932398,0.185050168,0.237423907,Yes,No,No
CUST03714,24/8/18,47,Male,High,Australia,Sydney,4,106.118788,374.9491358,Clothing,Sports,0.205392964,0.393656156,Never,1,6.91572832,0.206954026,0.154919994,0.156253109,Yes,No,No
CUST01529,24/11/20,42,Female,Medium,Canada,New York,3,98.93358809,372.5954319,Food,Food,0.106739838,0.111078556,Low,4,5.374301797,0.15576727,0.087286196,0.166709217,Yes,No,Yes
CUST05409,11/3/18,48,Female,Medium,Japan,New York,6,81.09015743,369.8220422,Sports,Beauty,0.125971006,0.065424462,High,3,10,0.098516066,0.159361794,0.220728825,Yes,No,No
CUST05610,17/5/20,54,Male,Very High,USA,Los Angeles,10,31.8466322,363.5757828,Clothing,Clothing,0.366835042,0.501447385,Medium,2,7.359399802,0.028498281,0.091946336,0.077006116,Yes,No,No
CUST07734,29/6/20,48,Other,Medium,Germany,Paris,6,73.24262886,361.6014756,Home Goods,Electronics,0.282634905,0.498770154,Medium,2,7.876939297,0.116884101,0.116318963,0.120210203,Yes,No,No
CUST09166,27/1/18,61,Other,Very High,Other,Paris,6,67.76411641,360.1556636,Food,Home Goods,0.184754391,0.094308343,Low,3,7.746547372,0.066183817,0.126103526,0.277874775,Yes,Yes,No
CUST02730,24/9/23,68,Other,Very High,Canada,London,3,83.78233573,359.2817894,Electronics,Food,0.274287984,0.307981989,High,4,5.971583644,0.139246551,0.031395115,0.132044331,Yes,No,Yes
CUST02595,29/6/20,42,Male,Low,Germany,Other,12,37.3213744,357.3157197,Books,Food,0.164071777,0.334542976,High,3,10,0.100695072,0.268486728,0.165520316,Yes,No,No
CUST08882,22/4/21,60,Male,Very High,UK,New York,8,47.15806057,355.9222416,Home Goods,Home Goods,0.303832452,0.040339793,High,2,7.013642106,0.178482598,0.112621889,0.228285722,Yes,No,Yes
CUST02808,29/1/21,60,Other,Low,France,New York,5,80.90710426,354.6053495,Toys,Toys,0.278740158,0.154143131,Low,0,6.287506001,0.327161104,0.234393951,0.074187326,Yes,No,No
CUST06089,24/1/23,21,Male,Very High,Canada,New York,3,66.88086582,348.2012474,Books,Electronics,0.264256083,0.639662987,Low,0,10,0.046741793,0.097036498,0.177496755,Yes,No,No
CUST01012,3/8/23,47,Male,Very High,USA,Los Angeles,7,72.72940382,347.0812317,Toys,Books,0.163747197,0.24290434,High,2,9.193594357,0.150110775,0.093861354,0.225678585,Yes,No,Yes
CUST03074,1/12/19,32,Other,High,Japan,New York,3,96.2304403,346.9673925,Clothing,Electronics,0.637027693,0.426213189,High,4,8.667070204,0.195026604,0.204067278,0.089256518,Yes,Yes,No
CUST05875,23/11/22,32,Male,High,Other,Tokyo,6,35.90093369,343.1566616,Clothing,Toys,0.235073363,0.249952633,High,2,8.890956879,0.234190415,0.166251134,0.119568903,Yes,No,No
CUST02055,23/4/23,32,Female,Medium,Germany,Other,9,27.13749876,342.2231577,Electronics,Toys,0.336769437,0.10198954,Never,1,10,0.153322726,0.045492828,0.223493556,Yes,No,Yes
CUST00432,13/3/21,39,Other,High,USA,London,4,60.86051771,339.502489,Home Goods,Toys,0.213288958,0.202180913,Medium,1,7.048873102,0.12774952,0.080950976,0.108920207,Yes,No,No
CUST03849,22/1/21,31,Male,Very High,Other,Berlin,5,57.00403177,333.2824259,Beauty,Clothing,0.505556929,0.247523669,Never,0,9.745829322,0.239789335,0.129333454,0.220483236,Yes,No,Yes
CUST02546,10/1/19,39,Female,Low,France,London,10,36.96475975,330.5564488,Toys,Sports,0.073092412,0.364077103,High,1,6.794953676,0.214820751,0.051896507,0.298240235,Yes,No,Yes
CUST05637,13/2/23,24,Male,Very High,Other,London,5,78.76474367,330.0252794,Electronics,Books,0.105907018,0.442684501,Never,2,8.576055515,0.107607226,0.048061942,0.059728765,Yes,No,No
CUST00127,1/11/21,43,Male,Very High,Japan,Berlin,6,32.01902243,328.4402986,Electronics,Clothing,0.382784697,0.337176402,Low,3,9.838193994,0.194209666,0.173622341,0.139493102,Yes,No,No
CUST07766,8/9/20,50,Other,Low,UK,Other,7,58.52151067,325.4652839,Home Goods,Food,0.387046933,0.039643592,Low,4,7.164820283,0.072420708,0.26901671,0.468283997,Yes,No,No
CUST09496,21/4/21,54,Female,Medium,Canada,Paris,5,95.40045241,324.1497239,Beauty,Home Goods,0.156384497,0.409974596,High,4,6.81722194,0.153901426,0.063368622,0.1905491,Yes,No,No
CUST09554,8/6/22,28,Male,Medium,UK,Los Angeles,7,23.58183264,322.7632321,Books,Sports,0.234592816,0.513365054,High,1,7.237086612,0.114400687,0.076338789,0.210892362,Yes,No,No
CUST07770,29/7/23,42,Female,Medium,Japan,Other,3,103.8916324,318.6213535,Food,Beauty,0.258969718,0.689817821,Medium,2,6.015387689,0.174482121,0.07871705,0.020980077,Yes,No,No
CUST03312,18/6/22,19,Female,High,UK,Tokyo,7,35.23620153,311.8938978,Home Goods,Sports,0.140164334,0.39796058,High,2,6.89019409,0.174287696,0.222482875,0.176751837,Yes,No,No
CUST07270,28/2/22,53,Other,Very High,Canada,Paris,5,23.52450487,311.440047,Home Goods,Toys,0.526526369,0.399359863,Medium,1,4.61044168,0.06393154,0.091077132,0.143825534,Yes,No,No
CUST06488,21/3/19,49,Male,Very High,Japan,Tokyo,2,50.69607848,305.082073,Toys,Toys,0.161465679,0.27782507,Medium,5,7.505261716,0.083497838,0.192340729,0.223737897,Yes,No,No
CUST04375,18/10/22,19,Male,Medium,UK,London,4,78.67457984,302.5036669,Electronics,Books,0.210091537,0.043290198,Never,2,2.947006474,0.263456198,0.253280387,0.161092784,Yes,No,No
CUST00802,2/6/21,35,Female,High,France,Los Angeles,5,37.43617162,298.4930089,Food,Food,0.361670307,0.2438422,High,4,5.005226384,0.057298849,0.092659743,0.126840764,Yes,No,No
CUST03862,22/10/21,30,Other,Very High,USA,Sydney,7,34.74136719,297.4551402,Food,Electronics,0.311174833,0.383514001,Low,3,6.969648847,0.034401341,0.222568529,0.213189092,Yes,No,Yes
CUST07527,16/10/18,24,Female,Low,Japan,Sydney,4,98.98257578,291.5231859,Clothing,Books,0.199075395,0.087350565,Never,3,10,0.018550134,0.307854928,0.25845392,Yes,No,Yes
CUST03800,21/12/19,46,Female,High,Japan,New York,10,18.42960059,286.2082129,Books,Sports,0.361805826,0.085486254,Low,0,4.937587888,0.163028601,0.159912609,0.196714175,Yes,No,No
CUST03021,2/12/23,39,Other,Medium,Other,London,5,46.23560554,278.4148852,Toys,Electronics,0.470390398,0.559075099,Medium,3,4.885496641,0.170065488,0.242307491,0.125560686,Yes,No,No
CUST09785,19/5/23,51,Male,Very High,Germany,Other,8,48.53464306,273.2380691,Home Goods,Books,0.471566309,0.416281642,High,0,8.062617691,0.234790799,0.112392803,0.119634346,Yes,No,No
CUST07548,28/12/18,44,Female,Low,UK,Other,2,50.99285684,270.8992842,Sports,Food,0.165186101,0.175798374,Never,2,5.96181589,0.143020363,0.133493001,0.030606411,Yes,Yes,Yes
CUST03051,23/11/21,37,Other,Medium,Canada,New York,9,23.27248653,268.5091355,Clothing,Electronics,0.090904692,0.155599448,High,5,9.153527952,0.190955435,0.063986703,0.081417133,Yes,No,No
CUST05536,1/12/20,24,Other,High,Australia,Tokyo,11,30.89919122,267.3415425,Home Goods,Books,0.187399302,0.334338239,Never,3,4.984413088,0.11300283,0.177533405,0.147726726,Yes,No,Yes
CUST00298,6/6/23,21,Female,Very High,UK,Sydney,6,55.12055002,264.9120734,Beauty,Toys,0.228739976,0.269869448,Low,1,6.264266879,0.246839817,0.092564976,0.103084531,Yes,No,No
CUST03853,10/5/22,23,Other,Medium,Australia,Tokyo,2,103.1867251,263.8507444,Electronics,Sports,0.41320831,0.103005478,Medium,2,9.278891225,0.135687182,0.191788856,0.229366773,Yes,Yes,Yes
CUST04750,3/6/23,53,Other,Very High,Australia,Tokyo,3,53.00168856,262.2961096,Home Goods,Electronics,0.152465113,0.021153018,Medium,0,4.768005138,0.084317767,0.136102405,0.046526784,Yes,No,No
CUST08023,26/1/22,28,Other,Very High,Japan,Tokyo,4,55.20573315,259.3996276,Beauty,Food,0.345997294,0.408514716,Never,1,6.662199478,0.115692555,0.109254849,0.116128146,Yes,No,No
CUST08437,9/4/20,32,Other,Medium,USA,Berlin,10,17.24530936,258.0696564,Electronics,Home Goods,0.634674915,0.71681949,Low,3,6.727408674,0.06935191,0.054859818,0.179385021,Yes,No,No
CUST09765,2/5/23,46,Female,Medium,Germany,Other,9,42.18901641,257.5753675,Electronics,Books,0.072625722,0.213158773,Low,4,3.744882777,0.057958687,0.140965977,0.068891918,Yes,No,No
CUST04417,10/10/21,51,Male,Medium,Other,Los Angeles,4,51.66134067,256.879549,Books,Electronics,0.109216568,0.511157842,Never,3,9.245770592,0.0664794,0.056754819,0.073648079,Yes,No,No
CUST03671,23/10/18,59,Female,Medium,UK,Los Angeles,6,75.17928375,253.0578236,Food,Home Goods,0.481083572,0.160798341,Never,2,6.421109118,0.075484502,0.314607663,0.310583097,Yes,No,No
CUST02393,5/5/22,19,Female,High,UK,Berlin,3,15.93554991,250.7022442,Sports,Books,0.109659008,0.457713083,Never,0,3.885189495,0.053696135,0.139454155,0.18953544,Yes,No,No
CUST04186,22/1/22,29,Female,Very High,Australia,Berlin,6,32.21742125,246.0580915,Beauty,Clothing,0.184999588,0.081077665,Medium,1,7.655176692,0.150670442,0.226984242,0.134761016,Yes,No,No
CUST09812,9/1/22,46,Other,High,Germany,Berlin,6,60.46408766,243.1384399,Clothing,Beauty,0.187820739,0.178166985,Never,4,6.691532323,0.225087522,0.079932363,0.210388552,Yes,No,No
CUST06098,17/10/23,56,Female,Medium,France,Tokyo,4,61.44917158,240.9439324,Beauty,Electronics,0.308287258,0.542959629,Never,0,10,0.159480383,0.189763093,0.138371582,Yes,No,No
CUST05443,31/5/20,51,Female,Low,UK,Berlin,5,75.17984923,240.56996,Electronics,Food,0.128760367,0.400868714,Never,1,7.576764435,0.299255302,0.09041459,0.08737339,Yes,No,No
CUST07059,26/2/18,38,Male,Low,Australia,New York,3,67.31680527,237.6696624,Electronics,Books,0.382862918,0.158929963,Medium,3,7.629613415,0.234646074,0.076072036,0.169728865,Yes,No,No
CUST05935,29/7/18,49,Male,Medium,Canada,Tokyo,4,42.20439027,232.7883572,Toys,Books,0.12594748,0.215193274,Low,1,6.203144518,0.161834344,0.141720075,0.097288589,Yes,No,Yes
CUST07567,11/12/20,22,Female,Low,Other,Paris,2,19.70536313,214.8096436,Electronics,Sports,0.084730558,0.413310677,Medium,1,4.581526934,0.120019248,0.134855572,0.120098863,Yes,No,No
CUST08220,20/10/21,40,Other,Very High,USA,Berlin,6,42.40101778,214.5272759,Clothing,Beauty,0.157322841,0.175269152,Never,2,6.997326905,0.077008144,0.042535258,0.143744605,Yes,No,Yes
CUST03360,26/9/21,64,Other,Very High,USA,Tokyo,5,57.95789944,213.6873316,Home Goods,Food,0.138871392,0.541923967,Medium,2,4.946304828,0.250597621,0.115605699,0.14588965,Yes,No,No
CUST07771,31/8/20,50,Female,Medium,Australia,Berlin,4,31.62042421,213.5262923,Books,Sports,0.411783246,0.184570743,High,2,3.738294364,0.151051246,0.090665907,0.192756405,Yes,No,No
CUST06816,3/6/23,38,Male,Very High,France,Paris,3,30.27379798,211.4262783,Electronics,Home Goods,0.295761919,0.451071546,Low,2,6.539576787,0.098867309,0.208209344,0.225229136,Yes,Yes,No
CUST07090,28/12/22,21,Male,Low,Canada,Sydney,4,78.71582039,208.7089375,Electronics,Electronics,0.17728926,0.426959648,High,1,9.754391394,0.24061148,0.216253258,0.074400436,Yes,No,No
CUST08211,12/1/22,22,Male,Low,Canada,London,11,10.97059583,205.9599096,Sports,Beauty,0.194465506,0.118145793,Never,3,9.219423556,0.222422083,0.05447995,0.190665312,Yes,No,No
CUST03305,2/3/18,54,Other,Medium,France,Paris,6,29.18117211,205.1350977,Food,Food,0.205317319,0.503144252,High,1,9.611513052,0.152606566,0.221347377,0.163905562,Yes,No,No
CUST04059,22/6/21,41,Female,Low,Germany,Sydney,1,99.48191449,204.1154927,Home Goods,Electronics,0.295413367,0.015657432,High,3,4.146570306,0.109645646,0.058111274,0.193161003,No,No,No
CUST07145,9/1/23,52,Female,Low,Other,New York,6,18.72314722,201.6700362,Food,Food,0.167206776,0.465621604,Never,2,6.461679628,0.124409759,0.159019402,0.108676536,Yes,No,No
CUST00616,13/1/22,34,Female,Low,Germany,New York,10,9.798028589,201.3314322,Home Goods,Food,0.217897406,0.371495594,Low,1,6.889846981,0.029033129,0.070920096,0.112827137,Yes,No,No
CUST05458,11/1/20,33,Other,High,USA,London,1,38.5641771,199.6405807,Electronics,Electronics,0.463462247,0.094920823,Low,2,6.005216262,0.092469733,0.072856452,0.204585335,No,Yes,No
CUST07993,23/8/21,40,Other,High,UK,Berlin,3,49.20814022,199.0047362,Clothing,Beauty,0.299811356,0.582945694,Low,2,5.228990268,0.068242663,0.127556828,0.031219697,Yes,No,No
CUST02836,1/2/19,35,Male,Very High,USA,Los Angeles,1,232.0593997,192.9843293,Books,Home Goods,0.217692909,0.315823074,High,1,4.915283472,0.050375135,0.112156915,0.103784093,No,No,No
CUST01227,9/7/21,18,Female,Very High,Canada,London,1,148.1954581,192.8608226,Beauty,Toys,0.185923768,0.155346355,Low,3,6.358115842,0.035676422,0.116191234,0.019527003,No,Yes,No
CUST09778,11/10/23,29,Male,Medium,UK,Tokyo,1,57.91233105,189.3656148,Toys,Toys,0.251183536,0.399318354,Medium,0,5.25251267,0.117815175,0.112913849,0.211106843,No,No,No
CUST04107,5/3/19,42,Male,High,UK,Other,7,49.51726397,187.8486063,Beauty,Electronics,0.427014591,0.101728912,High,3,5.547357855,0.222932061,0.013688562,0.120697225,Yes,No,No
CUST01655,12/1/21,41,Male,Low,USA,Los Angeles,3,76.95553257,186.1561414,Food,Sports,0.505632506,0.314569838,Medium,0,4.853608405,0.039552887,0.212683941,0.08465414,Yes,Yes,Yes
CUST05375,29/9/19,35,Male,Very High,Japan,London,4,16.06105987,185.6016965,Electronics,Beauty,0.375051736,0.277293231,High,2,3.414146615,0.013860695,0.017740638,0.218804675,Yes,No,No
CUST04815,5/8/22,51,Male,Low,Canada,Paris,6,32.65191701,181.9982203,Toys,Sports,0.24859973,0.285690851,High,0,8.235579624,0.23465329,0.147993246,0.093108227,Yes,No,Yes
CUST03296,30/12/21,29,Male,High,USA,London,1,116.5247872,179.783144,Electronics,Home Goods,0.336484645,0.563156411,Low,2,6.772490802,0.040248453,0.118694069,0.140089198,No,No,No
CUST07535,10/4/21,22,Other,Medium,UK,Los Angeles,4,20.82759741,178.3121765,Books,Food,0.174754876,0.689318417,Medium,0,2.204847016,0.112155629,0.175215771,0.091219984,Yes,Yes,Yes
CUST03772,17/2/18,33,Male,High,France,London,2,69.37223411,174.3555058,Food,Sports,0.27622054,0.384318099,Medium,2,4.885645802,0.042980734,0.093710442,0.041908614,Yes,No,No
CUST04218,26/3/23,49,Other,High,Other,Other,6,9.395562104,170.9524267,Books,Beauty,0.433834509,0.469210229,Low,1,5.219311736,0.180140265,0.050534852,0.214753769,Yes,No,No
CUST09231,3/8/22,33,Male,Medium,Other,Berlin,2,25.42757921,169.0758547,Food,Sports,0.437406907,0.337595845,Low,1,5.901395718,0.186159683,0.10723156,0.024647052,Yes,No,No
CUST03161,20/6/20,26,Male,Very High,Japan,Other,5,56.1056777,165.7403255,Home Goods,Electronics,0.132173282,0.07555493,Medium,2,7.325486861,0.240235224,0.201511188,0.245776608,Yes,Yes,No
CUST05376,22/10/20,48,Other,Medium,Germany,New York,1,60.74675292,164.6388379,Home Goods,Beauty,0.188628316,0.234736763,High,2,10,0.17804453,0.213079977,0.110743924,No,No,Yes
CUST01902,30/8/18,53,Female,Very High,USA,New York,3,38.22306981,163.1487706,Home Goods,Electronics,0.547467703,0.398129138,High,2,7.619396831,0.211357105,0.057038422,0.225436421,Yes,No,No
CUST05714,19/2/20,40,Other,Low,Other,Other,6,17.06781694,161.15627,Home Goods,Clothing,0.414898414,0.153404859,High,2,7.096570273,0.008265462,0.115757492,0.133191936,Yes,Yes,No
CUST07229,5/8/19,51,Female,Very High,Australia,Other,11,16.2542149,160.4996748,Home Goods,Food,0.279023893,0.12479742,High,1,8.115553635,0.13543821,0.180142947,0.017218725,Yes,No,No
CUST00346,4/8/19,27,Other,Medium,UK,Other,14,15.41190724,159.8652534,Food,Home Goods,0.153487337,0.485522445,High,2,6.771311945,0.069698502,0.100158949,0.073620187,Yes,Yes,No
CUST08517,27/2/23,38,Female,Low,UK,Sydney,3,77.20426483,158.6438743,Books,Beauty,0.367262321,0.073559099,Never,0,6.050157301,0.009799831,0.229161817,0.151538613,Yes,No,No
CUST01717,9/12/19,47,Other,Very High,Australia,Berlin,3,63.6689609,155.672845,Sports,Home Goods,0.500477786,0.303289672,Never,1,8.250001555,0.214949664,0.14845691,0.163248146,Yes,No,Yes
CUST09884,7/8/20,46,Female,High,France,London,6,12.04259871,152.6956333,Toys,Clothing,0.352303995,0.490791889,Medium,1,7.065431109,0.191922787,0.141583499,0.110687161,Yes,Yes,No
CUST05785,5/8/23,35,Female,High,Canada,Other,7,23.10591815,148.6353824,Toys,Home Goods,0.242149322,0.234823886,High,1,3.807538728,0.171687089,0.17337461,0.050313768,Yes,No,Yes
CUST01800,5/4/18,51,Other,Low,USA,New York,6,24.02427665,146.6395051,Books,Books,0.530604993,0.174033708,Low,3,3.293998036,0.130283213,0.17209095,0.182936526,Yes,No,Yes
CUST01368,26/4/22,42,Male,Low,UK,London,4,16.10982778,143.8531283,Books,Beauty,0.33712708,0.227578641,Low,3,6.85919436,0.016287084,0.157093781,0.019965426,Yes,No,Yes
CUST01597,12/12/19,52,Male,High,Japan,Sydney,7,12.34330472,142.4365338,Toys,Sports,0.543682663,0.073158972,Medium,0,7.226810378,0.223516935,0.152641417,0.090965051,Yes,No,No
CUST02258,17/11/22,27,Other,Low,Australia,London,1,107.3415127,140.1741914,Toys,Home Goods,0.348762524,0.057586299,Never,0,3.778897503,0.028060016,0.060541131,0.149079111,No,No,No
CUST05675,30/12/21,24,Other,High,France,Paris,7,16.36043646,137.1235953,Sports,Toys,0.266590894,0.249212343,Medium,1,7.4789168,0.110985185,0.043408026,0.156057819,Yes,No,Yes
CUST03960,11/9/20,32,Male,High,USA,Tokyo,12,11.68065069,135.9101645,Home Goods,Electronics,0.336193227,0.189527229,Low,2,6.494938137,0.036458722,0.058851238,0.108859814,Yes,No,No
CUST00975,24/10/22,23,Other,Low,France,Other,8,7.873237417,133.5017365,Books,Sports,0.503817423,0.055560529,High,1,10,0.106097096,0.072629025,0.206391277,Yes,Yes,No
CUST00688,6/5/18,40,Female,High,Australia,Los Angeles,4,32.05322359,131.9524377,Clothing,Electronics,0.392922404,0.187229925,High,1,7.276305833,0.050555589,0.055195103,0.213855634,Yes,No,No
CUST03086,11/6/23,25,Other,Medium,Japan,Sydney,7,23.26816396,130.3342667,Food,Food,0.415480473,0.353192533,Low,0,4.111293309,0.069332081,0.12711054,0.035942937,Yes,No,No
CUST09378,12/2/21,32,Other,Medium,France,Other,2,10.87415379,117.9354342,Home Goods,Beauty,0.219649639,0.521602078,Low,3,8.52081657,0.175799631,0.077642411,0.071229904,Yes,No,No
CUST05003,22/1/19,22,Male,High,Germany,Paris,10,26.17991452,117.3193408,Home Goods,Home Goods,0.115294491,0.027589853,Low,1,7.263195733,0.217849369,0.190467268,0.164003727,Yes,No,Yes
CUST08615,24/11/20,42,Male,Very High,Canada,New York,4,58.28344379,116.3957427,Books,Food,0.198284312,0.475180128,Low,3,5.031011324,0.228705771,0.229365233,0.146944806,Yes,No,No
CUST09361,13/1/18,45,Other,Very High,UK,London,4,66.40460233,116.2132653,Books,Clothing,0.15109048,0.097470978,High,0,7.059837636,0.223965766,0.226818473,0.170914712,Yes,Yes,No
CUST09833,13/9/21,47,Female,Low,Canada,Los Angeles,4,22.77044869,115.0739087,Electronics,Toys,0.240767854,0.266695754,High,2,3.803020318,0.114731454,0.142509643,0.205244596,Yes,No,No
CUST02903,6/10/19,52,Female,High,France,Other,5,17.50452056,104.669184,Home Goods,Beauty,0.147538781,0.33068886,Never,3,6.445016192,0.064872784,0.145114342,0.087092406,Yes,No,Yes
CUST09455,18/4/22,39,Male,High,USA,Sydney,4,22.73168627,96.17287081,Sports,Home Goods,0.566870446,0.091833206,Medium,1,5.319864043,0.135673063,0.155753542,0.215236137,Yes,Yes,No
CUST06159,3/3/18,36,Other,Medium,Japan,Other,2,15.6462182,79.78386035,Books,Clothing,0.390423452,0.152910111,Low,0,5.052671126,0.158680785,0.103429043,0.113388452,Yes,No,No
CUST09859,8/12/23,35,Female,High,France,New York,6,22.31841824,75.94100604,Clothing,Clothing,0.140986092,0.599563472,Never,2,9.620608592,0.07426431,0.146471105,0.052607396,Yes,Yes,No
CUST07856,18/4/19,57,Male,Very High,Germany,Paris,4,80.7937597,73.95302563,Food,Home Goods,0.2989901,0.158469966,Medium,1,8.837048814,0.125601679,0.074974996,0.044919946,Yes,No,No
CUST03809,30/11/19,56,Female,Medium,Australia,Sydney,3,41.61242265,73.05443611,Electronics,Clothing,0.048382941,0.136880713,Never,3,2.223708197,0.15395313,0.073317973,0.170421975,Yes,No,No
CUST01736,7/11/18,33,Female,Very High,Other,Berlin,6,20.33994766,66.26497734,Toys,Beauty,0.135151735,0.412713613,High,2,8.951420764,0.0729016,0.058751892,0.213016705,Yes,No,No
CUST06783,19/2/20,43,Female,Medium,Other,Los Angeles,4,5.618104525,56.6804992,Beauty,Clothing,0.257002897,0.157083185,Medium,4,7.657526962,0.041596001,0.052947777,0.137929521,Yes,No,Yes
CUST05216,10/12/18,47,Other,Medium,France,London,2,9.645649299,56.32922465,Sports,Sports,0.385118767,0.23258135,Never,0,10,0.134019545,0.190528363,0.162940326,Yes,Yes,No
CUST05360,1/6/20,36,Male,Medium,Canada,London,5,20.62007741,47.08949419,Electronics,Sports,0.606512807,0.410717523,Never,5,5.870241923,0.208882653,0.174396673,0.055547862,Yes,No,Yes
CUST03273,25/6/18,30,Female,Low,Germany,Sydney,1,9.783774866,45.8844819,Sports,Electronics,0.212969569,0.188102231,High,1,7.479575758,0.070869675,0.178626538,0.076347919,No,Yes,No
CUST03288,12/2/18,61,Male,Low,Japan,Sydney,2,36.57978667,44.16248175,Clothing,Sports,0.230335776,0.138645563,High,2,3.27900812,0.152879132,0.098824518,0.17094096,Yes,Yes,Yes
CUST03294,8/2/21,41,Male,High,UK,Sydney,3,40.49028724,42.98276858,Home Goods,Home Goods,0.498059253,0.338313657,High,2,8.139239096,0.223734155,0.00340688,0.041094445,Yes,No,No
CUST03813,15/12/18,56,Female,Medium,Other,New York,4,8.253478454,39.62883409,Food,Home Goods,0.454713202,0.286122332,Medium,2,6.943696686,0.157832772,0.125760979,0.129421194,Yes,No,No
CUST08594,19/1/22,56,Other,Very High,Canada,Los Angeles,4,18.28447451,39.05859735,Books,Home Goods,0.179792539,0.060994196,Medium,1,10,0.186331138,0.168072765,0.138437342,Yes,No,Yes
CUST07307,28/2/20,50,Female,Very High,USA,New York,4,4.909588879,35.01138748,Electronics,Electronics,0.150327447,0.329937452,High,4,5.024900625,0.206576995,0.205078974,0.105347012,Yes,No,Yes
CUST07100,30/11/22,66,Male,High,Germany,London,1,48.86489323,32.13589023,Food,Beauty,0.33924392,0.351639508,Never,4,5.632006661,0.173911834,0.188043735,0.185610688,No,No,No
CUST02671,3/2/19,26,Female,Very High,Japan,Tokyo,1,53.28397946,30.26565381,Sports,Sports,0.497393433,0.602957382,High,3,4.015883889,0.081715512,0.074376287,0.213094747,No,No,Yes
CUST03742,28/4/23,46,Female,Low,Other,New York,2,68.01503514,26.43550235,Sports,Beauty,0.324526078,0.127372444,Medium,0,9.841954583,0.094324139,0.212297604,0.111657679,Yes,No,No
CUST05848,23/1/23,35,Other,Medium,UK,Los Angeles,6,17.89727826,25.10351237,Toys,Sports,0.263666206,0.127657938,Never,0,3.445941689,0.214662158,0.148657534,0.092306146,Yes,Yes,Yes
CUST01278,6/7/20,38,Other,Low,Other,Tokyo,1,24.53087104,14.25119739,Sports,Food,0.284194685,0.514360952,High,1,7.400363961,0.129888086,0.093128546,0.107053853,No,No,No
CUST00061,28/5/20,52,Other,Low,Germany,Tokyo,2,27.51857529,5.769477064,Beauty,Home Goods,0.366404389,0.303768142,Never,1,7.181322697,0.221379899,0.100901107,0.187978447,Yes,No,No
CUST00407,15/8/22,51,Other,Very High,USA,Other,9,7.023544088,5.058771864,Sports,Clothing,0.015852283,0.32110836,Low,2,7.532058955,0.210006039,0.134410632,0.129984858,Yes,No,No
CUST07123,21/12/23,38,Other,Low,Australia,Other,2,38.81807926,1.234714852,Clothing,Books,0.201707514,0.382300784,Medium,5,8.116798598,0.173754445,0.112087387,0.147232559,Yes,Yes,Yes
CUST05256,2/4/18,43,Other,Medium,Other,Other,3,34.8813532,-3.670553362,Books,Sports,0.283874772,0.05436652,Medium,1,8.795471284,0.188185341,0.132352798,0.213683652,Yes,No,No
CUST04578,7/12/21,26,Female,Medium,Canada,Paris,1,23.68553062,-4.272034952,Toys,Sports,0.140487535,0.234296787,Low,1,7.556983867,0.215984611,0.032854199,0.058829338,No,No,Yes
CUST08663,23/1/21,51,Other,High,Australia,London,3,8.306222203,-5.738280188,Toys,Books,0.212361115,0.076723524,Low,4,7.202902701,0.069677629,0.155409942,0.12136697,Yes,No,No
CUST01386,10/12/23,42,Female,High,Other,New York,3,9.687966881,-15.3025349,Home Goods,Books,0.242667761,0.21944575,High,3,7.244710386,0.15009052,0.033226002,0.173250731,Yes,No,No
CUST02734,1/4/22,33,Male,High,France,Paris,3,22.8711602,-23.06180012,Home Goods,Home Goods,0.293860368,0.111233946,Medium,2,8.155625837,0.046580388,0.189503164,0.123079953,Yes,No,No
CUST00834,5/4/18,23,Other,High,Germany,New York,1,41.04031092,-51.06139376,Home Goods,Electronics,0.217708162,0.283315922,Low,1,10,0.15840796,0.213269447,0.206399924,No,No,No
CUST03224,17/2/20,23,Male,Very High,Japan,Paris,4,12.95552257,-73.55647092,Sports,Food,0.173748895,0.33428542,Low,1,6.789835747,0.196864242,0.01310555,0.049877099,Yes,No,No
CUST07393,7/2/20,28,Female,Medium,Australia,Los Angeles,2,8.542896193,-82.83989123,Food,Electronics,0.159910248,0.112034836,Low,2,9.159387041,0.200574852,0.195118937,0.185534418,Yes,No,No
CUST04370,11/6/19,52,Other,Medium,Germany,Los Angeles,2,35.72623562,-82.85325258,Home Goods,Clothing,0.118495701,0.758014986,Medium,1,9.228414247,0.15436399,0.08365667,0.178991811,Yes,Yes,Yes
CUST08805,1/10/21,48,Other,Low,Other,Berlin,1,24.93057054,-91.13199843,Clothing,Food,0.074367694,0.298189906,Low,3,6.07710391,0.159432545,0.199382813,0.11968668,No,No,No
CUST00782,4/10/21,39,Male,Very High,Germany,New York,5,8.930804787,-99.79664924,Home Goods,Beauty,0.19243056,0.312982489,Low,1,6.78922508,0.191718868,0.174643607,0.098823191,Yes,Yes,No
CUST09494,27/9/21,46,Other,High,France,Paris,4,28.53504848,-104.0065506,Food,Food,0.409454507,0.415504258,Low,0,7.327571237,0.157676794,0.17144426,0.122102456,Yes,No,No
CUST09844,20/10/22,48,Other,Very High,Japan,New York,3,8.134586889,-108.3082566,Food,Electronics,0.314813315,0.509439053,Never,1,3.833490915,0.131885108,0.092609521,0.112192344,Yes,No,No
CUST07240,22/3/19,46,Other,High,UK,Paris,1,41.06820251,-164.186966,Books,Electronics,0.444473054,0.279825859,High,3,6.944820013,0.223231521,0.169083749,0.127294766,No,No,No